year,player,pff_id
2014,Joshua McCain,185
2014,Jordan Williams-Lambert,117
2014,Eugene Lewis,266
2014,Alton Howard,307
2014,Christopher Harper,130
2014,Temuchin Hodges,337
2014,JoJo Natson,329
2014,Richard Montgomery Jr.,185
2014,Jalen Rowell,101
2014,Deon Watson,185
2014,Bobo Wilson,167
2014,David Washington,263
2014,Danny Vitale,256
2014,Hansell Wilson,285
2014,Justin Podrabsky,185
2014,Busta Anderson,289
2014,Matthew Miller,120
2014,Josh Bordner,121
2014,Marcell Ateman,262
2014,Jacob Sannon,185
2014,Leondre James,319
2014,Cory Avery,198
2014,Nate Hairston,306
2014,Stanley Williams,202
2014,Ike Lewis,108
2014,David Ungerer III,185
2014,Elijhaa Penny,185
2014,Mikah Holder,284
2014,Jordan Pu`u-Robinson,180
2014,Jonathon Rumph,173
2014,Jayme Taylor,256
2014,Jordon Vaden,144
2014,Kenneth Towns,173
2014,Dareyon Chance,347
2014,Kristoffer Olugbode,185
2014,Jay Warren,165
2014,DeBrandon Sanders,237
2014,Randy Price,314
2014,Kawmae Sawyer,259
2014,Johnny Mundt,264
2014,Nick Arcidiacono,278
2014,Ralph David Abernathy IV,138
2014,Jared Klingenberg,185
2014,Edward Barksdale III,223
2014,Trent Cowan,185
2014,Derrek Thomas,306
2014,Mark Szott,256
2014,Jerrel Brown,185
2014,Denzel Jones Jr.,102
2014,Grant Martinez,110
2014,Raheem Falkins,103
2014,Drake Whitehurst,130
2014,Jaleel Canty,160
2014,Sanford Seay,208
2014,Jeff Ward,174
2014,Jeff Allen,102
2014,Quan West,193
2014,David Manoa,180
2014,Austin Gearing,221
2014,Myles Norwood,273
2014,Stephen Baggett,156
2014,Shakeem Jefferson,209
2014,EJ Sardinha,225
2014,Cameron Oliver,182
2014,Ryan Pasoquen,180
2014,Tyrin Stone-Davis,187
2014,Grant Childress,208
2014,Joe Stocstill,307
2014,Chad Cook,296
2014,Kolton Shindelar,320
2014,Conner Crane,300
2014,Henri Jussila,325
2014,Brendan Landman,110
2014,Kameron Maye,174
2014,Matt Moen,239
2014,Jackson Boyer,245
2014,Chris Terry,311
2014,Malik Mitchell,254
2014,Rahmaan Patterson,305
2014,Quinton Singleton,237
2014,C.J. Bradshaw,263
2014,Dylan Turner,174
2014,Colton Caldwell,126
2014,Jeffrey Jay,121
2014,Clinton Jones,327
2014,John Jakubik,223
2014,Tyler Scalzi,315
2014,Blair Tushaus,109
2014,Jordan Frysinger,185
2014,Brady Jones,331
2014,Marshall Ellick,306
2014,Cooper Harrington,296
2014,Marc Meier,237
2015,Jordan Williams-Lambert,117
2015,Robbie Chosen,306
2015,Callen Hightower,185
2015,Dezmon Epps,185
2015,Bobo Wilson,167
2015,Temuchin Hodges,337
2015,Deon Watson,185
2015,Marcell Ateman,262
2015,Trent Cowan,185
2015,Tyrian Taylor,242
2015,Jalen Rowell,101
2015,Danny Vitale,256
2015,Hansell Wilson,285
2015,Mikah Holder,284
2015,Royce Caldwell,242
2015,D.J. Taylor,187
2015,Eugene Lewis,266
2015,Elijhaa Penny,185
2015,Nate German,275
2015,Tyrone Young-Smith,328
2015,Gary Haynes,207
2015,D'erren Wilson,323
2015,Traveon Samuel,210
2015,Chris Johnson,323
2015,Trever Ryen,193
2015,Terian Goree,251
2015,Jante Boston,185
2015,Devante Peete,210
2015,Reuben Mwehla,185
2015,Tanner McEvoy,349
2015,Nick Patti,323
2015,Jordon Vaden,144
2015,Micky Crum,210
2015,Richard Murphy,136
2015,Stanley Williams,202
2015,Justin Bolus,136
2015,Ke'aun Kinner,198
2015,Nick Arcidiacono,278
2015,Tyron Billy-Johnson,211
2015,Kano Dillon,327
2015,Jacob Sannon,185
2015,Gump Hayes,110
2015,DeBrandon Sanders,237
2015,Nate Wozniak,225
2015,Derek Barnes,224
2015,Austin Grammer,224
2015,Nick Westbrook-Ikhine,190
2015,Cam Hilton,229
2015,Isaac Whitney,326
2015,Stoney Hawkins,209
2015,Johnny Mundt,264
2015,Nick Mathews,214
2015,Kawmae Sawyer,259
2015,Jelani Roberts,256
2015,Sanford Seay,208
2015,Kyle Hoffman,136
2015,Aeris Williams,227
2015,Ricky Parks,296
2015,Derek Longoria,287
2015,Malike Roberson,285
2015,Buddy Howell,165
2015,Elijah Wellman,343
2015,Moe Ways,222
2015,Jeffrey Coprich,130
2015,Leon Thornton,190
2015,Sean Smith,224
2015,Stephen Baggett,156
2015,Aaron Cochran,323
2015,Aaron Duckworth,185
2015,Clayton Granch,242
2015,Grant Childress,208
2015,D'Aundrey Bradley,251
2015,Isaiah Saunders,185
2015,Isaiah Gentry-Madaris,225
2015,Alton Howard,307
2015,Kenneth Towns,173
2015,Ralph David Abernathy IV,307
2015,LaQuan McGowan,118
2015,Jackson Porter,216
2015,Tymon Locklin,242
2015,Cody Small,199
2015,Ty Clemons,224
2015,Zach Bumgarner,136
2015,Buck Jones,305
2015,Dameko Doddles,351
2015,Dalton Stogner,245
2015,Garrett Anderson,146
2015,Dontavian Lee,227
2015,Daniel Fields,324
2015,Thaddeus Snodgrass,202
2015,Calvary Pugh,185
2015,Glenn Welch,173
2015,Lynn Griffin,176
2015,Tyler Luatua,258
2015,R.J. Tyler,136
2015,Jay Warren,165
2015,Lorenzo Cryer,207
2015,Darrell Fuery,169
2015,Connor Lemieux,216
2015,Hayden Jones,143
2015,Zach Allen,305
2015,Jaqwis Dancy,208
2015,Dontae Owens,278
2015,Adrian Falconer,192
2015,Tanner Langvardt,199
2015,David Bouvier,202
2015,Spencer Gilbert,117
2015,Evan Wilson,327
2015,David Ungerer III,185
2015,John Freismuth,144
2015,Matavius Scott,175
2015,Matthew Eaton,306
2015,Joe Stocstill,307
2015,Morgan Steward,229
2015,Thaddaeus Medford,208
2015,Tyrin Stone-Davis,187
2015,David Sutton,238
2015,Sean Burke,121
2015,Louie Addazio,121
2015,Brandon Oliver,176
2015,Donte Thomas-Williams,343
2015,Lucas Hamilton,224
2015,Triston Crossland,331
2015,Kevin Johnson,287
2015,Jack Gammon,214
2015,Kwadarrius Smith,102
2016,JoJo Natson,102
2016,Nick Westbrook-Ikhine,190
2016,Allenzae Staggers,296
2016,Temuchin Hodges,337
2016,Deon Watson,185
2016,Trent Cowan,185
2016,Jalen Rowell,101
2016,Alfonso Onunwor,185
2016,Callen Hightower,185
2016,Terian Goree,251
2016,Trever Ryen,193
2016,Mikah Holder,284
2016,Cory Butler-Byrd,328
2016,Bobo Wilson,167
2016,KJ Stepherson,258
2016,Jacob Sannon,185
2016,Johnnie Niupalau,160
2016,Eugene Lewis,261
2016,Johnny Mundt,264
2016,Tyrian Taylor,242
2016,Nate German,275
2016,K.C. Crosby,289
2016,D'Eriq King,182
2016,Jordan Frysinger,185
2016,Traveon Samuel,210
2016,Artavis Pierce,265
2016,Tyrone Young-Smith,328
2016,Maaseiah Francis,288
2016,Reuben Mwehla,185
2016,Nate Wozniak,225
2016,Malike Roberson,285
2016,Ke'aun Kinner,198
2016,Nick Arcidiacono,278
2016,D.J. Taylor,187
2016,Avery Johnson,138
2016,Royce Caldwell,242
2016,Kano Dillon,327
2016,Ronald Cleveland,101
2016,Isaiah Saunders,185
2016,Kyle Hoffman,136
2016,Zy Letman,108
2016,Gary Haynes,207
2016,Dimitri Flowers,261
2016,Buddy Howell,165
2016,Clayton Granch,242
2016,Justin Bolus,136
2016,Stanley Williams,202
2016,Aaron Duckworth,185
2016,David Ungerer III,185
2016,L.G. Williams,314
2016,Aeris Williams,227
2016,Deangelo Antoine,327
2016,Benny LeMay,136
2016,Dominic Walker,318
2016,Jabir Daughtry-Frye,318
2016,Denzal Brantley,185
2016,Cheyenne O'Grady,111
2016,Stephen Baggett,156
2016,Kyle Nevels,209
2016,Terelle West,224
2016,Devante Peete,210
2016,Devin C. Butler,304
2016,Anthony D. Taylor,314
2016,Isaac Whitney,326
2016,Nick Mathews,214
2016,Adrian Falconer,192
2016,Hampton McConnell,174
2016,Nahshon Ellerbe,275
2016,Zach Bumgarner,136
2016,Micky Crum,210
2016,Jeffrey Coprich,156
2016,Dontavian Lee,227
2016,Leon Thornton,190
2016,Jean-Andre Moore,330
2016,Zarrian Holcombe,187
2016,Tyler Hanneke,229
2016,Justin Rice,169
2016,Denzel Jones Jr.,102
2016,D'erren Wilson,323
2016,R.J. Tyler,136
2016,Darick Holmes Jr.,109
2016,Chancellor Triplett,175
2016,Caleb Roddy,211
2016,Cole Blackman,335
2016,Brandon Rodgers,214
2016,Mac Carey,166
2016,Kaleb Harris,214
2016,Malcolm Dotson,273
2016,Devonte Young,192
2016,Luke Peterman,114
2016,Michael Garner,185
2016,Tim Helton,259
2016,Andre Petties-Wilson,305
2016,Jabari Greenwood,202
2016,Raphael Barr,288
2016,Lemar Harris,160
2016,John Freismuth,144
2016,Josh Malin,118
2016,Jordan Jones,331
2016,Michael Carroll,305
2016,Gio Pascascio,210
2016,Josh Herman,185
2016,Michael Giacone,121
2016,Isaac James-Gray,190
2016,Randall Smith,320
2016,Brady Strodtbeck,185
2016,Avery Johnson,113
2016,Lynn Griffin,176
2016,Jelani Roberts,256
2016,Grant Newell,262
2016,Xavier Burke,337
2016,LeVander Brown,285
2016,Darian Williams,102
2017,Alfonso Onunwor,185
2017,Jacob Sannon,185
2017,Marcell Ateman,262
2017,Allenzae Staggers,296
2017,Mikah Holder,284
2017,Trever Ryen,193
2017,Devin C. Butler,304
2017,David Ungerer III,185
2017,Conner Cramer,242
2017,Johnnie Niupalau,160
2017,Gabe Davis,323
2017,KJ Stepherson,258
2017,Reggie Todd,227
2017,Traveon Samuel,210
2017,Cheyenne O'Grady,111
2017,Reuben Mwehla,185
2017,Dimitri Flowers,261
2017,Tyron Billy-Johnson,262
2017,Matthew Eaton,193
2017,R.J. Tyler,136
2017,Ronald Cleveland,101
2017,Aeris Williams,227
2017,Anthony D. Taylor,314
2017,Stephen Baggett,156
2017,Kano Dillon,327
2017,Artavis Pierce,265
2017,Micky Crum,210
2017,Mark Williams,225
2017,Aaron Duckworth,185
2017,Zy Letman,108
2017,Deangelo Antoine,327
2017,Nate Wozniak,225
2017,Maaseiah Francis,288
2017,Dillon Birden,182
2017,Terelle West,224
2017,Billy Bob Humphreys,285
2017,J.D. Moore,211
2017,JaQuay Savage,138
2017,Morgan Ellison,190
2017,Klyde Chriss,312
2017,Nick Mathews,214
2017,Jeremy Kelly,285
2017,Benny LeMay,136
2017,Nahshon Ellerbe,275
2017,Isaiah Saunders,185
2017,Joseph Wysocki,185
2017,Kenedy Snell,305
2017,Mason Petrino,185
2017,Malike Roberson,285
2017,Jante Boston,185
2017,Jaqwis Dancy,208
2017,K.C. Crosby,289
2017,Mohamed Jabbie,278
2017,Tre Odoms-Dukes,327
2017,Connor Ketter,238
2017,Kade Waguespack,101
2017,Will Phillips,275
2017,Leonard Skattebo,122
2017,Ruben Flowers III,268
2017,Nolan Borgersen,121
2017,Austin Kafentzis,128
2017,Quardraiz Wadley,330
2017,J.J. Wills,185
2017,Earl Bostick Jr.,198
2017,JJ Holloman,173
2017,Nathan Cottrell,176
2017,Michael Garner,185
2017,Monterio Hunt,214
2017,Rhett Blackman,316
2017,Erik Krommenhoek,326
2017,David Ducre,211
2017,Forest McKee,330
2017,Drew Hmielewski,225
2017,Dylan Thigpen,185
2017,Joshua Shelmire,287
2017,B.J. Casteel,109
2017,Chris High,237
2017,Kendall Smith,187
2017,Jay Tyler,300
2017,Donte Ross,201
2017,Ivan Wilson,208
2017,Perry Carter,209
2017,Bobby Mitchell,165
2017,Tyler Jaynes,118
2017,Markel Davis,259
2017,Ahmir Mitchell,278
2017,James Sriraman,339
2017,Benaiah Franklin,273
2017,Austin Parker,262
2017,Keyan Marshall,160
2017,Jack Banda,109
2017,Luke Hyde,185
2017,Quantino Allen,265
2017,A.J. Sattinger,166
2017,Jackson Tirmonia,256
2017,Berdale Robins,239
2017,Rickey Shumway,128
2017,Trevor Steinke,327
2017,Buddy Howell,165
2017,Tristan Davis,122
2017,Allen Stritzinger,304
2017,Tyler Fleetwood,221
2017,Chris Gajcak,190
2017,Kesean Gamble,201
2017,Jared Poplawski,143
2017,Robert Ursua,331
2017,Keevon Harris,259
2018,Tyron Billy-Johnson,262
2018,Gabe Davis,323
2018,Nick Westbrook-Ikhine,190
2018,Moe Ways,130
2018,Stephon Robinson Jr.,198
2018,Royce Caldwell,242
2018,Cheyenne O'Grady,111
2018,Matthew Eaton,193
2018,JJ Holloman,173
2018,Reese Taylor,190
2018,Devante Peete,210
2018,Micky Crum,210
2018,Jayshon Jackson,138
2018,Devin C. Butler,304
2018,Malike Roberson,285
2018,Ronald Cleveland,101
2018,Benny LeMay,136
2018,Jabir Daughtry-Frye,318
2018,Terelle West,224
2018,CJ Marable,141
2018,Jaqwis Dancy,208
2018,Joshua Fleeks,118
2018,Sitaleki Nunn,285
2018,Artavis Pierce,265
2018,Kade Waguespack,101
2018,K.C. Crosby,289
2018,Quardraiz Wadley,330
2018,Aeris Williams,227
2018,Shemar Thornton,166
2018,Chase Brown,347
2018,Anthony D. Taylor,314
2018,Dorian Hendrix,122
2018,Billy Bob Humphreys,285
2018,Brayden Lenius,241
2018,Kyle Groeneweg,192
2018,Luke Shiflett,224
2018,Xavier Smith,156
2018,Deangelo Antoine,327
2018,Rhett Blackman,316
2018,Keke McFadden,201
2018,Mohamed Jabbie,278
2018,Pokey Wilson,167
2018,Maurice Mayo,288
2018,Daishawn Brimage,102
2018,Traveon Samuel,318
2018,R.J. Tyler,136
2018,D'Angelo Ellis,275
2018,Cameron Sullivan-Brown,266
2018,Treveon Johnson,287
2018,D'Shawn Jamison,311
2018,Erik Krommenhoek,326
2018,Cole Fagan,101
2018,Kris Reed,296
2018,Jake McCurry,222
2018,Quantino Allen,265
2018,William Crest Jr.,343
2018,Caperton Humphrey,198
2018,Jelani Roberts,256
2018,Mandela Lawrence-Burke,201
2018,Devon Jackson,224
2018,Jared Wangler,222
2018,R.J. Raymond,163
2018,Andre Hunt,238
2018,Harry Schwartz,300
2018,Ty Watkins,224
2018,Duran Bell Jr.,327
2018,Mitchell Lewis,206
2018,Ja'Kori Morgan,182
2018,Jordan Byrd,284
2018,Isiah Pannunzio,144
2018,Taven Birdow,101
2018,Tyler Fleetwood,221
2018,Tre Odoms-Dukes,327
2018,Trevis Graham ,314
2018,Damien Darden,248
2018,Chase Gianacakos,223
2018,Elijah Davis,263
2018,AC White,263
2018,Braden Collins,108
2018,Tre Adams,109
2018,Bryce Bramscher,265
2018,Brian Sanders,122
2018,Tajudeen Mustapha,349
2018,CJ Fletcher,209
2018,Jaquavis Dixon,102
2018,Chris Gajcak,190
2018,Maaseiah Francis,288
2018,Cade Hackey,241
2018,Markel Davis,259
2018,Colin Debord,122
2018,Cooper McCaw,206
2018,Michael Smith,268
2018,Tyler Hayek,278
2018,Keevon Harris,259
2018,Ishod Byarm,136
2018,Austin Ahrendt,305
2018,Luke Benzschawel,349
2018,Tobias Enlow,111
2018,K.K. Hahn,304
2018,Michael Queen,108
2018,Brian Dooley,160
2018,Mikey Alfieri,265
2018,Hunter Hill,218
2018,Brandon Mitchell,102
2018,Jalen Jordan,278
2018,Lemar Harris,160
2018,Malik Wooldridge,102
2018,Wade Buckman,347
2018,Mason Keeler,351
2018,Tyrin Summers,138
2018,Alex Ofodile,229
2018,Mo Edwards Jr.,288
2018,Christian Williams,305
2019,Gabe Davis,323
2019,Bradley Rozner,275
2019,Shemar Thornton,166
2019,Deangelo Antoine,165
2019,Stephon Robinson Jr.,198
2019,Reggie Todd,318
2019,Nick Westbrook-Ikhine,190
2019,B.J. Casteel,109
2019,Cheyenne O'Grady,111
2019,CJ Marable,141
2019,Trevis Graham ,314
2019,Joshua Fleeks,118
2019,Pokey Wilson,167
2019,Jayshon Jackson,138
2019,JuanCarlos Santana,320
2019,Steven Williams,263
2019,Mohamed Jabbie,278
2019,Artavis Pierce,265
2019,Billy Bob Humphreys,285
2019,Anthony D. Taylor,314
2019,Ray Davis,306
2019,Benny LeMay,136
2019,Tobias Oliver,176
2019,Jess Trussell,330
2019,Keyon Henry-Brooks,333
2019,Jordan Byrd,284
2019,CJ Williams,237
2019,Austin Ogunmakin,251
2019,Jabir Daughtry-Frye,318
2019,Erik Krommenhoek,326
2019,Adam Prentice,144
2019,Keoni-Kordell Makekau,237
2019,Jaqwis Dancy,208
2019,Ishod Byarm,136
2019,Terelle West,224
2019,Traveon Samuel,218
2019,Elijah Davis,263
2019,Tre Odoms-Dukes,327
2019,Hunter Bergeron,207
2019,Sammy Wheeler,199
2019,Cameron Sullivan-Brown,266
2019,Turon Ivy Jr.,190
2019,Tre Adams,109
2019,Devante Peete,210
2019,Houston Heimuli,300
2019,Jay Symonds,300
2019,Jay Urich,289
2019,Cody Rudy,117
2019,Lesley Dalger,101
2019,Gilberto Torres,216
2019,Nathan Cottrell,176
2019,Tate Martell,220
2019,Demetrius Davis,321
2019,Forest McKee,330
2019,Tory Carter,211
2019,Taven Birdow,101
2019,James Tupou,330
2019,Spencer Nigh,115
2019,Dalton Adkison,318
2019,Tauskie Dove,229
2019,Nahshon Ellerbe,275
2019,Joey Carroll,122
2019,Jayy McDonald,224
2019,Maurice Massey,229
2019,Kay'Ron Lynch-Adams,278
2019,BJ Alexander,202
2019,Bryce Kirtz,256
2019,Tanner Matthews,237
2019,Chuck Davis,335
2019,Isaiah Hazel,215
2019,Jair Hawkins-Anderson,176
2019,Jaylin Jackson,163
2019,Skylor Clinton,321
2019,Isaiah Miranda,121
2019,Donavon Hickman,209
2019,Jacob Adams,208
2019,Devon Jackson,224
2019,Joeseph Sewell,224
2019,Koby Bullard,118
2019,Jackson Gleeson,118
2019,Isaiah Montgomery,307
2019,Camron Horry,312
2019,Chris Herron,199
2019,Jonathan Sanchez,275
2019,Brandon LaBrie,221
2019,Chris'Seon Stringer,316
2019,Spencer Roe,198
2019,Ryan Lynch,144
2019,TK McLendon Jr.,211
2019,Tyler Carr,315
2019,Abe Anderson,320
2019,Javon Ivory,218
2019,Nelson Smith,237
2019,Caqavouis Berryhill,327
2019,Timothy Jackson,101
2019,Malik Wesley,325
2019,Patrick McKaufman,262
2019,Adam Berghorst,223
2019,Malik Tyson,166
2019,Nick Szpor,351
2019,Najeh Baker,316
2020,Woody Marks,227
2020,Reggie Todd,318
2020,JuanCarlos Santana,320
2020,Javon Ivory,218
2020,Austin Ogunmakin,251
2020,Tauskie Dove,229
2020,Jayshon Jackson,138
2020,CJ Marable,141
2020,Pokey Wilson,167
2020,Tre Odoms-Dukes,327
2020,Trevis Graham ,314
2020,Keyon Henry-Brooks,333
2020,Joshua Fleeks,118
2020,Jovany Ruiz-Navarro,126
2020,B.J. Casteel,109
2020,La'Vontae Shenault,143
2020,Tony Grimes Jr.,102
2020,CJ Williams,237
2020,Cody Rudy,117
2020,DJ Render,199
2020,Ray Davis,306
2020,BJ Alexander,165
2020,Jayy McDonald,224
2020,Samuel Brown,343
2020,Sammy Wheeler,199
2020,Christan Horn,108
2020,Erik Krommenhoek,326
2020,Juwaun Price,242
2020,Michael Brown Stephens,225
2020,Kam Brown,324
2020,Jordan Byrd,284
2020,Tory Carter,211
2020,Kay'Ron Lynch-Adams,278
2020,Myles Fells,237
2020,Stephon Robinson Jr.,198
2020,Moochie Dixon,311
2020,Hunter Bergeron,207
2020,Jack Coco,176
2020,Jacob Adams,208
2020,Ja'Quavion Fraziars,163
2020,Billy Bob Humphreys,285
2020,Jeremiah Fails,346
2020,Charlie Norman,209
2020,Carlinos Acie,237
2020,Ja'Mori Maclin,229
2020,Adam Prentice,289
2020,Jorden Gidrey,101
2020,Zamar Wise,216
2020,Isaac James-Gray,117
2020,Ja'Darion Smith,242
2020,Leonard Parker,327
2020,Cameron Sullivan-Brown,266
2020,Maceo Donald,156
2020,Pat Hughes,207
2020,Joshua Youngblood,278
2020,Keith Davis,110
2020,Jefftey Joseph,165
2020,Damon Ward Jr.,251
2020,Valen Jones,109
2020,Tyler Baylor,215
2020,Caqavouis Berryhill,327
2020,Adam Berghorst,223
2020,Ja'Kori Morgan,182
2020,Marcell Gleaton,237
2020,D.J. Taylor,110
2020,Mason Laurence,245
2020,Devon High,237
2020,Ay'Jaun Marshall,114
2020,Chip Trayanum,110
2020,Lane Lunt,128
2020,Aidan Lee,130
2020,Billy Ward,176
2020,Hunter Kaufman,198
2020,Marcellus Crutchfield,261
2020,Drew McQuarrie,121
2020,Paxton Anderson,311
2020,Quardraiz Wadley,330
2020,Bryce Childress,318
2020,DJ Thomas-Jones,226
2020,Corbin Blanchard,101
2020,Donivan Wright,160
2020,Seth Meador,101
2020,Joshua Hardeman,351
2020,Kwesi Evans,306
2021,Jayshon Jackson,117
2021,Woody Marks,227
2021,JuanCarlos Santana,320
2021,Stephon Robinson Jr.,256
2021,Tauskie Dove,229
2021,B.J. Casteel,109
2021,Javon Ivory,218
2021,Juwaun Price,242
2021,Michael Brown Stephens,225
2021,Joshua Hardeman,351
2021,Pokey Wilson,167
2021,Reggie Todd,318
2021,Trevis Graham ,314
2021,Ty Jones,169
2021,DJ Collins,140
2021,Cody Rudy,117
2021,JP Richardson,262
2021,John Rhys Plumlee,226
2021,Stone Smartt,263
2021,Scoobie Ford,227
2021,Tony Grimes Jr.,102
2021,Sammy Wheeler,199
2021,JJ Hester,229
2021,Kilinahe Mendiola-Jensen,325
2021,Erik Krommenhoek,326
2021,Trey Cooley,210
2021,Rontavius Groves,314
2021,Moochie Dixon,311
2021,Tay Lanier,241
2021,Jordan Byrd,284
2021,Jacob Rodriguez,335
2021,Shemar Thornton,166
2021,Cameron Sullivan-Brown,266
2021,Donnovan Moorer,314
2021,Christan Horn,108
2021,Justin Richard Baker,130
2021,Jovany Ruiz-Navarro,126
2021,Ja'Quavion Fraziars,163
2021,La'Vontae Shenault,143
2021,Kay'Ron Lynch-Adams,216
2021,Elijah Davis,263
2021,Jairus Mack,136
2021,Joshua Fleeks,118
2021,EJ Wilson Jr.,166
2021,Jacob Adams,208
2021,Shaun Grayson,325
2021,Trilion Coles,323
2021,Carlinos Acie,237
2021,Karate Brenson,117
2021,Hunter Bergeron,207
2021,James Ziglor III,333
2021,Ray Davis,333
2021,Chip Trayanum,110
2021,Chauncey Magwood,202
2021,Jay Ducker,254
2021,Bradley Rozner,275
2021,Jake Orlando,216
2021,Cjay Boone,241
2021,Chancellor Brewington,238
2021,Loronzo Thompson,251
2021,D'Wayne Crawford,206
2021,Aramoni Rhone,259
2021,Ay'Jaun Marshall,114
2021,Monte Watkins,305
2021,Hekili Keliiliki,180
2021,Alex Enders,316
2021,Samuel Brown,343
2021,Jack Vecchi,264
2021,Jessie Parson III,278
2021,Ahmirr Robinson,278
2021,Sawyer Racanelli,340
2021,Caden Blum,101
2021,Sahmir Hagans,154
2021,Christian Greene,339
2021,Jack Colletto,265
2021,D.J. Stepney,134
2021,Mason King,254
2021,J.Michael Sturdivant,130
2021,Jabez Tinae,340
2021,Ja'Mori Maclin,229
2021,Nick Elksnis,163
2021,DJ Thomas-Jones,226
2021,Brayden Monday,206
2021,Ed Ogle,206
2021,Quardraiz Wadley,330
2021,Charlie Norman,209
2021,Chance La Chapelle,285
2021,CJ Tate,262
2021,Jordan Johnson,323
2021,Michael Fox,248
2021,Darius Bush,146
2021,Don Munnerlyn,278
2021,Preston Bacon,256
2021,Billy Ward,176
2021,Noah Robinson,263
2021,Zach Russell,122
2021,Donta Armstrong,136
2021,Keenan Brown,144
2021,Joah Flores,241
2021,Kenyon Jackson,312
2021,Matt Torey,222
2021,Derik LeCaptain,225
2021,Khmari Thompson,187
2021,Jack Coco,176
2021,Bryce Profitt,102
2021,Cole Blaker,337
2021,Alec Ward,134
2021,AJ Harrison,316
2021,Colt Atkinson,261
2022,Jayshon Jackson,117
2022,J. Michael Sturdivant,130
2022,JuanCarlos Santana,320
2022,OJ Hiliare,122
2022,B.J. Casteel,239
2022,JP Richardson,262
2022,Bradley Rozner,275
2022,Javon Ivory,218
2022,Joshua Hardeman,351
2022,Samuel Brown,182
2022,Woody Marks,227
2022,Chuck Montgomery,214
2022,Shemar Thornton,254
2022,Christan Horn,108
2022,Sahmir Hagans,154
2022,Cameron Sullivan-Brown,216
2022,Pokey Wilson,167
2022,DJ Thomas-Jones,288
2022,Rontavius Groves,314
2022,Moochie Dixon,287
2022,DeaJaun McDougle,319
2022,Michael Brown Stephens,225
2022,Ray Davis,333
2022,Tauskie Dove,229
2022,Ja'Mori Maclin,251
2022,Joseph Griffin Jr.,121
2022,Dash Luke,209
2022,Quaterrius Tolbert,224
2022,Donnovan Moorer,314
2022,EJ Wilson Jr.,166
2022,Devaughn Mortimer,209
2022,JR Wilson,335
2022,Chancellor Brewington,238
2022,Demie Sumo-Karngbaye,248
2022,Nick Cenacle,180
2022,Tony Grimes Jr.,102
2022,Cedd Seabrough,248
2022,Trey Cooley,210
2022,Chauncey Magwood,202
2022,Jordan Byrd,284
2022,Jay Ducker,218
2022,Ay'Jaun Marshall,114
2022,Vontravious Hall,241
2022,Sammy Wheeler,199
2022,Duece Jones,241
2022,Ja'Quavion Fraziars,163
2022,Scoobie Ford,227
2022,Ty Jones,169
2022,Joshua Nicholson,284
2022,Joey Braasch,351
2022,Jake Orlando,216
2022,BJ Alexander,165
2022,Mason King,254
2022,Eric Marsh,242
2022,Nathaniel Jones,241
2022,Monte Watkins,242
2022,Cam'ron Barfield,121
2022,Jordyn Williams,134
2022,Reggie Virgil,221
2022,Chaese Jackson,160
2022,Isaiah Gash,222
2022,Omari Walker,113
2022,Kwesi Evans,306
2022,Kay'Ron Lynch-Adams,216
2022,Jordan Mosley,227
2022,Jamari Hawkins,218
2022,Jay Barry Jr.,166
2022,Jordan Diaz,306
2022,Nasjzae Bryant-Lelei,180
2022,Jovany Ruiz-Navarro,126
2022,Turon Ivy Jr.,141
2022,Justin Richard Baker,130
2022,Joshua Fleeks,118
2022,DJ Collins,140
2022,Allie Brown,174
2022,Calvin Johnson II,256
2022,Brock Lampe,254
2022,Tyson Thompson,275
2022,Veshe Daniyan,114
2022,Preston Bacon,256
2022,Ike White,225
2022,Javohn Thomas,327
2022,Karch Gardiner,331
2022,Decorion Temple,134
2022,Dre Spriggs,331
2022,J.B. Awolowo,201
2022,Maurice Bellan,114
2022,Connor Welsh,275
2022,Jacob Pasley,165
2022,Alec Ward,134
2022,Zion Steptoe,273
2022,AJ Rollins,238
2022,Joey Bearns III,215
2022,Charles Robinson,315
2022,CJ Tate,262
2022,Maceo Donald,156
2022,Jeremiah Gradowitz,239
2022,Dequan Stanley,327
2022,Leak Bryant,321
2022,Ashton Locklear,248
2022,Cole Dakovich,349
2022,Ryder MacGillivray,329
2022,Preston Jelen,225
2022,Caqavouis Berryhill,327
2022,Campbell Speights,237
2022,Trilion Coles,323
2022,Myles Alston,268
2022,Charlie Norman,209
2022,Rayonte Brown,146
2022,James BlackStrain,176
2022,Blake Gunter,319
2022,Kyrese White,329
2022,Holt Egan,197
2022,Jack Johnson,192
2022,Jadyn Marshall,324
2022,Ben Ford,120
2022,Kody Case,187
2022,Landon Samson,289
2022,Jaquan Lowman,108
2022,Coen Sutton,108
2022,Aramoni Rhone,259
2022,Naran Buntin,201
2022,Jameson Tucker,141
2022,Chip Trayanum,260
2022,Alec Palella,134
2022,JJ Hester,261
2022,Logan Muckey,229
2022,D'Wayne Crawford,206
2022,Reggie Fleurima,256
2022,Jermaine Johnson Jr.,216
2022,Chris Petrucci,256
2023,Ja'Mori Maclin,251
2023,Samuel Brown,182
2023,OJ Hiliare,122
2023,JP Richardson,305
2023,J.Michael Sturdivant,324
2023,Christan Horn,108
2023,Desna Washington,241
2023,Sahmir Hagans,154
2023,Joseph Griffin Jr.,121
2023,Michael Brown Stephens,327
2023,Jairus Mack,136
2023,Moochie Dixon,287
2023,Ray Davis,202
2023,DJ Thomas-Jones,288
2023,Jameson Tucker,141
2023,Nick Cenacle,180
2023,Chuck Montgomery,214
2023,Woody Marks,227
2023,Joshua Nicholson,284
2023,Bradley Rozner,248
2023,Devaughn Mortimer,209
2023,Dash Luke,209
2023,Elijah Smoot,206
2023,Tauskie Dove,218
2023,Kay'Ron Lynch-Adams,216
2023,DJ Collins,248
2023,BJ Alexander,165
2023,Ay'Jaun Marshall,114
2023,Joshua Hardeman,182
2023,JR Wilson,335
2023,Luke Doty,289
2023,Jyzaiah Rockwell,281
2023,Demie Sumo-Karngbaye,202
2023,Trey Cooley,176
2023,Amin Hassan,237
2023,Quaterrius Tolbert,209
2023,Anthony Brown-Stephens,202
2023,Chip Trayanum,260
2023,Duece Jones,241
2023,Solo Vaipulu,180
2023,Monte Watkins,242
2023,Trayv'on Culbert,207
2023,DJ Rogers,305
2023,Brock Lampe,254
2023,Jordan Mosley,227
2023,Decorion Temple,134
2023,Calvin Johnson II,256
2023,Joshua Fleeks,238
2023,Fredrick Moore,222
2023,EJ Wilson Jr.,306
2023,Jovoni Johnson-McCray,275
2023,Malachi Riley,109
2023,Markel Fortenberry,206
2023,Juwaun Price,304
2023,Kyrese White,329
2023,Marquis Taliulu Montgomery,130
2023,Chauncey Magwood,323
2023,Ja'Quavion Fraziars,163
2023,Landan Brown,281
2023,Jake Orlando,126
2023,Reggie Virgil,221
2023,Aidan Mizell,163
2023,Jay Ducker,218
2023,JeyQuan Smith,327
2023,Hahsaun Wilson,136
2023,Joey Bearns III,136
2023,Dee Williams,307
2023,Leon Neal Jr.,341
2023,Frank Covey IV,256
2023,Josh Beetham,222
2023,Austin Terry,120
2023,Reggie Fleurima,256
2023,Cam Vaughn,196
2023,DeAndre Moore Jr.,311
2023,J.C. Sivley,321
2023,Aramoni Rhone,259
2023,Michael Bittner,307
2023,Shelton Sampson Jr.,211
2023,Roger Walters,136
2023,Ronan Hanafin,140
2023,Jalen Vanderbosch,316
2023,Charlie Gordinier,121
2023,Kyle McNamara,330
2023,Antonio Ferguson,156
2023,Makhail Wood,160
2023,Cole Pruett,341
2023,Kejuan Bullard Jr.,285
2023,Que'Sean Brown,154
2023,Colin O'Connor,237
2023,Veshe Daniyan,114
2023,Keith Wheeler II,320
2023,Nick Elksnis,289
2023,Jacob Bostick,192
2023,Cael Vanderbush,192
2023,Richard Rocquemore,251
2023,Jason Thompson,300
2023,Ryder MacGillivray,329
2023,Branden Ganashamoorthy,341
2023,Scott Isacks III,163
2023,Logan Compton,182
2023,Malik Armstrong,254
2023,Caleb Ryan,206
2023,Shawn Miller,187
2023,Dallan Wright,196
2023,Bill Davis,207
2023,Blake Gunter,319
2023,Tyler Griffin,323
2023,Charlie Norman,209
2023,Logan Tanner,284
2023,Fabian France,237
2023,Cam'ron Barfield,121
2023,David Adolph,260
2023,Javieon Butler,296
2023,Don Munnerlyn,316
2023,Ben Rollins,289
2023,Dom Henry,128
2023,Patrick Overmyer,331
2023,Malik Agbo,311
2023,Magnus Geers,241
2023,Misun Kelley,140
2023,Paul Billups II,245
2023,AJ Szymanski,215
2023,Braeden Wisloski,215
2023,Grayson Tempest,320
2023,Jeremiah Gradowitz,239
2023,Elijah Boyd,330
2023,Judah Ezinwa,330
2023,John Barr,209
2023,Treymon Echols,201
2023,Taeshaun Lyons,340
2023,Clyde Curry,113
2023,Tristan Wiley,209
2023,Tyler Evans,343
2023,Bradley Schlom,324
2023,Drayden Dickmann,275
2023,Antwaan Mays,214
2023,Antoine Sullivan,169
2023,Ismael Cisse,300
2023,Montrel Hatten Jr.,265
2023,Myles Alston,263
2023,Camron Heard,262
2023,Trey Weary,307
2023,Shemar Kirk,220
2023,Cort Halsey,245
2023,Luby Maurice Jr.,166
2023,Dylan Redmon,166
2023,Lonnie Adkism,281
2023,Conner Noah,239
2023,Jake Godfrey,241
2023,Nasjzae Bryant-Lelei,180
2023,David Crossan,114
2023,Akalea Kapono,237
2023,Lucas Flores,330
2023,Pearson Baldwin,196
